{
  "metadata": {
    "timestamp": "20250822-203835",
    "benchmarker_version": "1.0.0-savage",
    "total_commands_available": 23,
    "analyzed_commands": 3
  },
  "aggregate_statistics": {
    "overall_scores": {
      "mean": 62.894444444444446,
      "std_dev": 1.0173950032276498,
      "confidence_interval_95": [
        61.743153617632544,
        64.04573527125635
      ],
      "outliers": [],
      "variance": 1.0350925925925896,
      "coefficient_variation": 1.617623006633486
    },
    "complexity_scores": {
      "mean": 3.6666666666666665,
      "std_dev": 2.516611478423583,
      "confidence_interval_95": [
        0.8188526902200932,
        6.51448064311324
      ],
      "outliers": [],
      "variance": 6.333333333333333,
      "coefficient_variation": 68.63485850246136
    },
    "total_commands_analyzed": 3,
    "commands_exceeding_complexity": 1,
    "average_line_count": 393,
    "mcp_integration_rate": 0.6666666666666666
  },
  "summary_commentary": "\u26a0\ufe0f MEDIOCRITY EPIDEMIC \u26a0\ufe0f\n\nScore of 62.9/100 is the programming equivalent of vanilla ice cream\u2014technically food, but why would you choose it? 1/3 complexity violations suggest room for improvement.",
  "individual_results": {
    "adhd-hyperfocus-guardian": {
      "timestamp": "2025-08-22T20:38:35.211175+00:00",
      "command_metrics": {
        "command_name": "adhd-hyperfocus-guardian",
        "complexity_score": 1,
        "line_count": 457,
        "documentation_quality": 5.0,
        "reusability_factor": 6.0,
        "adhd_friendliness": 8.0,
        "mcp_integration_count": 5,
        "thinking_block_count": 0,
        "error_handling_quality": 4.0
      },
      "performance_metrics": {
        "execution_time_ms": [
          49.08979047483408,
          52.50542470807325,
          49.349849122249644,
          52.37893343071655,
          36.87188510153499
        ],
        "memory_usage_mb": 4.57,
        "token_consumption_estimate": 4570,
        "success_rate": 1.0,
        "failure_patterns": []
      },
      "statistical_analysis": {
        "execution_time": {
          "mean": 48.039176567481704,
          "std_dev": 6.448079421402969,
          "confidence_interval_95": [
            42.38718575453648,
            53.691167380426926
          ],
          "outliers": [],
          "variance": 41.577728224720445,
          "coefficient_variation": 13.422543603230185
        },
        "complexity_trend": {
          "mean": 1,
          "std_dev": 0,
          "confidence_interval_95": [
            1,
            1
          ],
          "outliers": [],
          "variance": 0,
          "coefficient_variation": 0.0
        }
      },
      "savage_judgment": {
        "overall_score": 64.05,
        "roast_level": "medium",
        "commentary": "\u26a0\ufe0f MEDIOCRE ALERT: 64.0/100 \u26a0\ufe0f\n\nThis command is the programming equivalent of lukewarm coffee\u2014not terrible enough to throw away, but not good enough to enjoy. Complexity score of 1 is acceptable, but the 457 lines suggest some optimization opportunities. Documentation quality at 5.0/10 is 'meh' tier.",
        "improvement_recommendations": [
          "\ud83d\udcda DOCUMENTATION IMPROVEMENT: Quality is 5.0/10. Add clear task description, context, usage examples, and integration notes.",
          "\ud83d\udee1\ufe0f ERROR HANDLING: Score 4.0/10. Add validation, fallback mechanisms, and graceful degradation."
        ],
        "comparable_commands": [],
        "complexity_verdict": "\ud83c\udfc6 OPTIMAL: Direct solution, zero unnecessary complexity"
      },
      "evidence_files": [
        ".github/benchmarks/data/adhd-hyperfocus-guardian_analysis.json"
      ]
    },
    "java-rapid-implementation": {
      "timestamp": "2025-08-22T20:38:35.214005+00:00",
      "command_metrics": {
        "command_name": "java-rapid-implementation",
        "complexity_score": 6,
        "line_count": 250,
        "documentation_quality": 10.0,
        "reusability_factor": 8.0,
        "adhd_friendliness": 2.0,
        "mcp_integration_count": 2,
        "thinking_block_count": 10,
        "error_handling_quality": 10.0
      },
      "performance_metrics": {
        "execution_time_ms": [
          22.329136731030097,
          25.38418642687539,
          27.577779313256205,
          21.051412426891417,
          25.270880139704442
        ],
        "memory_usage_mb": 2.5,
        "token_consumption_estimate": 2500,
        "success_rate": 0.5,
        "failure_patterns": [
          "complexity_timeout",
          "memory_overflow"
        ]
      },
      "statistical_analysis": {
        "execution_time": {
          "mean": 24.32267900755151,
          "std_dev": 2.6123245031253437,
          "confidence_interval_95": [
            22.03287562158707,
            26.61248239351595
          ],
          "outliers": [],
          "variance": 6.824239309629074,
          "coefficient_variation": 10.740282771952424
        },
        "complexity_trend": {
          "mean": 6,
          "std_dev": 0,
          "confidence_interval_95": [
            6,
            6
          ],
          "outliers": [],
          "variance": 0,
          "coefficient_variation": 0.0
        }
      },
      "savage_judgment": {
        "overall_score": 62.5,
        "roast_level": "medium",
        "commentary": "\u26a0\ufe0f MEDIOCRE ALERT: 62.5/100 \u26a0\ufe0f\n\nThis command is the programming equivalent of lukewarm coffee\u2014not terrible enough to throw away, but not good enough to enjoy. Complexity score of 6 is acceptable, but the 250 lines suggest some optimization opportunities. Documentation quality at 10.0/10 is 'meh' tier.",
        "improvement_recommendations": [
          "\ud83c\udfaf COMPLEXITY REDUCTION: Score is 6 (target: <5). Apply the 3-question rule: Can you use existing solutions? Can you solve with a simple method? Do you really need abstraction NOW?",
          "\ud83e\udde0 ADHD OPTIMIZATION: Score 2.0/10. Add task chunking, energy level awareness, and pattern learning integration."
        ],
        "comparable_commands": [],
        "complexity_verdict": "\ud83d\udea8 VIOLATION: Score 6 exceeds limit of 5. SIMPLIFY IMMEDIATELY!"
      },
      "evidence_files": [
        ".github/benchmarks/data/java-rapid-implementation_analysis.json"
      ]
    },
    "ultrathink-pure-xml": {
      "timestamp": "2025-08-22T20:38:35.215645+00:00",
      "command_metrics": {
        "command_name": "ultrathink-pure-xml",
        "complexity_score": 4,
        "line_count": 472,
        "documentation_quality": 10.0,
        "reusability_factor": 8.0,
        "adhd_friendliness": 3.0,
        "mcp_integration_count": 0,
        "thinking_block_count": 3,
        "error_handling_quality": 7.0
      },
      "performance_metrics": {
        "execution_time_ms": [
          53.96056141567193,
          53.03767643234433,
          49.173447575574755,
          54.871717401454724,
          43.243166676274505
        ],
        "memory_usage_mb": 4.72,
        "token_consumption_estimate": 4720,
        "success_rate": 0.7,
        "failure_patterns": []
      },
      "statistical_analysis": {
        "execution_time": {
          "mean": 50.857313900264046,
          "std_dev": 4.777818674132762,
          "confidence_interval_95": [
            46.66937118316877,
            55.04525661735932
          ],
          "outliers": [],
          "variance": 22.827551282891744,
          "coefficient_variation": 9.394555684758561
        },
        "complexity_trend": {
          "mean": 4,
          "std_dev": 0,
          "confidence_interval_95": [
            4,
            4
          ],
          "outliers": [],
          "variance": 0,
          "coefficient_variation": 0.0
        }
      },
      "savage_judgment": {
        "overall_score": 62.13333333333333,
        "roast_level": "medium",