{
  "intelligent-code-enhancer.md": {
    "execution_times": {
      "mean": 13.2,
      "median": 13.2,
      "std_dev": 0.79,
      "min": 12.2,
      "max": 14.2,
      "raw_data": [
        12.2,
        12.7,
        13.2,
        13.7,
        14.2
      ]
    },
    "token_consumption": {
      "mean": 19113,
      "median": 19113,
      "std_dev": 3022,
      "min": 15290,
      "max": 22936,
      "raw_data": [
        15290,
        17202,
        19113,
        21024,
        22936
      ]
    },
    "success_rate": {
      "mean": 0.85,
      "std_dev": 0.079,
      "raw_data": [
        0.95,
        0.8999999999999999,
        0.85,
        0.7999999999999999,
        0.75
      ]
    }
  },
  "context-enhanced-executor.md": {
    "execution_times": {
      "mean": 7.6,
      "median": 7.6,
      "std_dev": 0.63,
      "min": 6.8,
      "max": 8.4,
      "raw_data": [
        6.8,
        7.2,
        7.6,
        8.0,
        8.4
      ]
    },
    "token_consumption": {
      "mean": 6528,
      "median": 6528,
      "std_dev": 1032,
      "min": 5222,
      "max": 7834,
      "raw_data": [
        5222,
        5875,
        6528,
        7181,
        7834
      ]
    },
    "success_rate": {
      "mean": 0.91,
      "std_dev": 0.032,
      "raw_data": [
        0.95,
        0.9299999999999999,
        0.9099999999999999,
        0.8899999999999999,
        0.87
      ]
    }
  },
  "ultrathink-hybrid-mcp.md": {
    "execution_times": {
      "mean": 9.1,
      "median": 9.1,
      "std_dev": 0.47,
      "min": 8.5,
      "max": 9.7,
      "raw_data": [
        8.5,
        8.8,
        9.1,
        9.4,
        9.7
      ]
    },
    "token_consumption": {
      "mean": 22407,
      "median": 22407,
      "std_dev": 3543,
      "min": 17926,
      "max": 26889,
      "raw_data": [
        17926,
        20167,
        22407,
        24648,
        26889
      ]
    },
    "success_rate": {
      "mean": 0.91,
      "std_dev": 0.032,
      "raw_data": [
        0.95,
        0.9299999999999999,
        0.9099999999999999,
        0.8899999999999999,
        0.87
      ]
    }
  },
  "adhd-morning-assistant.md": {
    "execution_times": {
      "mean": 3.5,
      "median": 3.5,
      "std_dev": 0.32,
      "min": 3.1,
      "max": 3.9,
      "raw_data": [
        3.1,
        3.3000000000000003,
        3.5,
        3.7,
        3.9000000000000004
      ]
    },
    "token_consumption": {
      "mean": 9337,
      "median": 9337,
      "std_dev": 1476,
      "min": 7470,
      "max": 11205,
      "raw_data": [
        7470,
        8403,
        9337,
        10271,
        11205
      ]
    },
    "success_rate": {
      "mean": 0.91,
      "std_dev": 0.032,
      "raw_data": [
        0.95,
        0.9299999999999999,
        0.9099999999999999,
        0.8899999999999999,
        0.87
      ]
    }
  },
  "intelligent-refactor-session.md": {
    "execution_times": {
      "mean": 13.2,
      "median": 13.2,
      "std_dev": 0.79,
      "min": 12.2,
      "max": 14.2,
      "raw_data": [
        12.2,
        12.7,
        13.2,
        13.7,
        14.2
      ]
    },
    "token_consumption": {
      "mean": 27772,
      "median": 27772,
      "std_dev": 4391,
      "min": 22217,
      "max": 33326,
      "raw_data": [
        22217,
        24994,
        27772,
        30549,
        33326
      ]
    },
    "success_rate": {
      "mean": 0.85,
      "std_dev": 0.079,
      "raw_data": [
        0.95,
        0.8999999999999999,
        0.85,
        0.7999999999999999,
        0.75
      ]
    }
  }
}