{
  "ultrathink-full-mcp.md": {
    "execution_times": [
      14.042087516071902,
      13.653332863907908,
      14.33063037966875,
      9.55363280095119,
      14.76785369312882
    ],
    "token_counts": [
      9523,
      9555,
      8222,
      8442,
      8729
    ],
    "success_rates": [
      0.7535932298526519,
      0.8295092699971184,
      0.6904561052054539,
      0.8070446007240603,
      0.674820954802992
    ],
    "avg_time": 13.269507450745714,
    "std_time": 2.1167752390407384,
    "avg_tokens": 8894.2,
    "std_tokens": 615.5637253769913,
    "avg_success": 0.7510848321164553,
    "std_success": 0.06852043806129927
  },
  "reasoning-wrapper.md": {
    "execution_times": [
      4.431572377890698,
      4.030645534532746,
      3.726674357961825,
      3.3478410948971242,
      3.6449084710715667
    ],
    "token_counts": [
      3297,
      2909,
      3444,
      2744,
      3005
    ],
    "success_rates": [
      0.8458836760750087,
      0.7869813766241454,
      0.7734004888822515,
      0.8794159990520921,
      0.7943957840430067
    ],
    "avg_time": 3.836328367270792,
    "std_time": 0.4121164845529418,
    "avg_tokens": 3079.8,
    "std_tokens": 286.0711449971842,
    "avg_success": 0.8160154649353009,
    "std_success": 0.04482790100185138
  },
  "adhd-hyperfocus-guardian.md": {
    "execution_times": [
      7.452054061766429,
      5.275163736661048,
      7.685216592512553,
      6.328149844158916,
      6.358854854733515
    ],
    "token_counts": [
      3814,
      4435,
      3741,
      4635,
      4218
    ],
    "success_rates": [
      0.8970904659996531,
      0.927188732419907,
      0.9120754287034758,
      0.8585215214376054,
      0.8882887969439975
    ],
    "avg_time": 6.619887817966492,
    "std_time": 0.9732623186086855,
    "avg_tokens": 4168.6,
    "std_tokens": 387.14377174377995,
    "avg_success": 0.8966329891009278,
    "std_success": 0.02595400347716511
  },
  "intelligent-code-enhancer.md": {
    "execution_times": [
      5.526213929251959,
      4.31943767102077,
      5.904602149181112,
      4.281769564477433,
      4.420907255156044
    ],
    "token_counts": [
      4051,
      3622,
      3767,
      4084,
      3958
    ],
    "success_rates": [
      0.7760217859987526,
      0.8396293472048693,
      0.7727961650971619,
      0.7607147450412595,
      0.8716386438757565
    ],
    "avg_time": 4.890586113817464,
    "std_time": 0.7664394308198011,
    "avg_tokens": 3896.4,
    "std_tokens": 196.80523367024568,
    "avg_success": 0.80416013744356,
    "std_success": 0.04866821697930472
  },
  "intelligent-refactor-session.md": {
    "execution_times": [
      6.488504957987404,
      9.615135599078128,
      10.188192676038614,
      9.390965582667144,
      8.61830787257026
    ],
    "token_counts": [
      4857,
      4690,
      5102,
      5108,
      4923
    ],
    "success_rates": [
      0.7932141623257318,
      0.7438019397119264,
      0.6931296006943606,
      0.7104252683971806,
      0.7132526394649954
    ],
    "avg_time": 8.86022133766831,
    "std_time": 1.4403691871751823,
    "avg_tokens": 4936,
    "std_tokens": 176.11501923459,
    "avg_success": 0.7307647221188389,
    "std_success": 0.039391212236771674
  }
}