{
  "ultrathink-full-mcp.md": {
    "time_ci": [
      10.641605203271379,
      15.897409698220049
    ],
    "token_ci": [
      8129.999215926705,
      9658.400784073296
    ],
    "success_ci": [
      0.666019110513998,
      0.8361505537189126
    ],
    "performance_rank": 0.6953540823849491,
    "efficiency": 670.2735601162174,
    "reliability": 0.7510848321164553
  },
  "reasoning-wrapper.md": {
    "time_ci": [
      3.3247002000456862,
      4.347956534495898
    ],
    "token_ci": [
      2724.6527028234063,
      3434.947297176594
    ],
    "success_ci": [
      0.7603631974580474,
      0.8716677324125544
    ],
    "performance_rank": 0.24989145031329757,
    "efficiency": 802.7988496175069,
    "reliability": 0.8160154649353009
  },
  "adhd-hyperfocus-guardian.md": {
    "time_ci": [
      5.411616770912438,
      7.828158865020546
    ],
    "token_ci": [
      3687.974580211825,
      4649.225419788176
    ],
    "success_ci": [
      0.8644120037026353,
      0.9288539744992204
    ],
    "performance_rank": 0.3325984450821614,
    "efficiency": 629.7085561912917,
    "reliability": 0.8966329891009278
  },
  "intelligent-code-enhancer.md": {
    "time_ci": [
      3.9390784309719997,
      5.842093796662928
    ],
    "token_ci": [
      3652.0732021718454,
      4140.726797828155
    ],
    "success_ci": [
      0.7437402523175217,
      0.8645800225695982
    ],
    "performance_rank": 0.30605958846873105,
    "efficiency": 796.71432203012,
    "reliability": 0.80416013744356
  },
  "intelligent-refactor-session.md": {
    "time_ci": [
      7.072053489538264,
      10.648389185798358
    ],
    "token_ci": [
      4717.359378017716,
      5154.640621982284
    ],
    "success_ci": [
      0.681861913139147,
      0.7796675310985308
    ],
    "performance_rank": 0.4651231523688366,
    "efficiency": 557.0966922705541,
    "reliability": 0.7307647221188389
  }
}