{
  "complexity": {
    "mean": 5,
    "median": 4,
    "stdev": 3.3665016461206925,
    "variance": 11.333333333333334,
    "range": 9,
    "distribution": {
      "1": 1,
      "2": 1,
      "4": 2,
      "5": 1,
      "9": 1,
      "10": 1
    }
  },
  "readability": {
    "mean": 41.8,
    "median": 32.5,
    "stdev": 22.41948557245088,
    "worst_offender": 78.1,
    "best_performer": 19.7
  },
  "efficiency": {
    "mean": 72.8,
    "median": 65.7,
    "stdev": 34.6783313708527,
    "top_performer": 145.0,
    "bottom_feeder": 41.3
  }
}